avg_backlog_drift,avg_lower_mf_loss,avg_lower_td_loss,avg_realized_delay,avg_remaining_tasks,avg_upper_mf_loss,avg_upper_td_loss,completion_rate,lower_q_max,lower_q_mean,lower_q_min,qos_rate,qos_success_rate,refine_delta_norm,refine_flip_rate,refine_grad,refine_kl_div,refine_q_imp,total_energy,total_reward,total_violations,upper_q_max,upper_q_mean,upper_q_min,zeta_lower,zeta_upper
32115896.0,0.07624337822198868,0.0,0.0,12.989999771118164,0.029243668541312218,0.0,0.8558606124604012,0.0,0.0,0.0,6.45816733067729,0.8659188034188035,0.0,0.0,0.0,0.0,0.0,2221.104736328125,-6423179520.0,251.0,0.0,0.0,0.0,1.0,1.0
28793966.0,0.06444035470485687,0.0,0.0,18.8700008392334,0.02503582462668419,0.0,0.7612971823498139,0.0,0.0,0.0,3.4176610978520285,0.7736358725013506,0.0,0.0,0.0,0.0,0.0,2775.259521484375,-5758793216.0,419.0,0.0,0.0,0.0,1.0,1.0
20425478.0,0.054205380380153656,0.0,0.0,18.639999389648438,0.026652997359633446,0.0,0.7946985446985447,0.0,0.0,0.0,4.154891304347826,0.8060094886663153,0.0,0.0,0.0,0.0,0.0,2556.388671875,-4085095296.0,368.0,0.0,0.0,0.0,1.0,1.0
18773160.0,0.04511731117963791,0.0,0.0,15.319999694824219,0.028568869456648827,0.0,0.827677624602333,0.0,0.0,0.0,5.019292604501608,0.8338675213675214,0.0,0.0,0.0,0.0,0.0,2659.223876953125,-3754632192.0,311.0,0.0,0.0,0.0,1.0,1.0
28410472.0,0.03696634992957115,0.0,0.0,18.100000381469727,0.027578020468354225,0.0,0.7993697478991597,0.0,0.0,0.0,4.373563218390805,0.813903743315508,0.0,0.0,0.0,0.0,0.0,2236.321533203125,-5682094336.0,348.0,0.0,0.0,0.0,1.0,1.0
30610706.0,0.0320470817387104,0.0,0.0,17.229999542236328,0.02995007112622261,0.0,0.7913135593220338,0.0,0.0,0.0,4.15,0.8058252427184466,0.0,0.0,0.0,0.0,0.0,2034.6510009765625,-6122141184.0,360.0,0.0,0.0,0.0,1.0,1.0
18505806.0,0.027580413967370987,0.0,0.0,14.850000381469727,0.026694830507040024,0.0,0.8252477829942618,0.0,0.0,0.0,4.913043478260869,0.8308823529411765,0.0,0.0,0.0,0.0,0.0,2281.120361328125,-3701161216.0,322.0,0.0,0.0,0.0,1.0,1.0
13486881.0,0.024223994463682175,0.0,0.0,12.829999923706055,0.027579601854085922,0.0,0.8717413972888426,0.0,0.0,0.0,7.269565217391304,0.879074658254469,0.0,0.0,0.0,0.0,0.0,2326.755615234375,-2697376128.0,230.0,0.0,0.0,0.0,1.0,1.0
23382444.0,0.024176599457859993,0.0,0.0,16.6299991607666,0.026086434721946716,0.0,0.8274219163578613,0.0,0.0,0.0,5.02572347266881,0.8340448239060833,0.0,0.0,0.0,0.0,0.0,1706.760009765625,-4676488704.0,311.0,0.0,0.0,0.0,1.0,1.0
35413348.0,0.024963336065411568,0.0,0.0,13.40999984741211,0.030301496386528015,0.0,0.8445732349841939,0.0,0.0,0.0,5.527586206896552,0.8468040147913365,0.0,0.0,0.0,0.0,0.0,2049.970947265625,-7082669312.0,290.0,0.0,0.0,0.0,1.0,1.0
22698170.0,0.024746283888816833,0.0,0.0,19.3799991607666,0.03332721069455147,0.0,0.7987616099071208,0.0,0.0,0.0,4.324022346368715,0.8121720881427072,0.0,0.0,0.0,0.0,0.0,1804.7440185546875,-4539633920.0,358.0,0.0,0.0,0.0,1.0,1.0
30893460.0,0.02406914532184601,0.0,0.0,17.200000762939453,0.03140496835112572,0.0,0.7808,0.0,0.0,0.0,3.66,0.7854077253218884,0.0,0.0,0.0,0.0,0.0,2202.07373046875,-6178692096.0,400.0,0.0,0.0,0.0,1.0,1.0
19683958.0,0.023124124854803085,0.0,0.0,15.130000114440918,0.024349991232156754,0.0,0.8357894736842105,0.0,0.0,0.0,5.475862068965517,0.845580404685836,0.0,0.0,0.0,0.0,0.0,2546.897216796875,-3936791424.0,290.0,0.0,0.0,0.0,1.0,1.0
26119038.0,0.02430061809718609,0.0,0.0,17.84000015258789,0.02833624556660652,0.0,0.833764888658726,0.0,0.0,0.0,5.261437908496732,0.8402922755741128,0.0,0.0,0.0,0.0,0.0,2096.47900390625,-5223807744.0,306.0,0.0,0.0,0.0,1.0,1.0
18785492.0,0.022735431790351868,0.0,0.0,14.220000267028809,0.034462690353393555,0.0,0.8384371700105596,0.0,0.0,0.0,5.275747508305648,0.8406564319745897,0.0,0.0,0.0,0.0,0.0,2056.35986328125,-3757098752.0,301.0,0.0,0.0,0.0,1.0,1.0
12947023.0,0.022755032405257225,0.0,0.0,12.390000343322754,0.03251137584447861,0.0,0.8639455782312925,0.0,0.0,0.0,7.241228070175438,0.8786588610963278,0.0,0.0,0.0,0.0,0.0,2130.551513671875,-2589404672.0,228.0,0.0,0.0,0.0,1.0,1.0
29184088.0,0.023469071835279465,0.0,0.0,14.279999732971191,0.02757098898291588,0.0,0.8135504201680672,0.0,0.0,0.0,4.4511494252873565,0.816552451238798,0.0,0.0,0.0,0.0,0.0,2462.249267578125,-5836817664.0,348.0,0.0,0.0,0.0,1.0,1.0
47446896.0,0.023534176871180534,0.0,0.0,19.549999237060547,0.029186496511101723,0.0,0.7716371220020855,0.0,0.0,0.0,3.54066985645933,0.779768177028451,0.0,0.0,0.0,0.0,0.0,1777.3629150390625,-9489379328.0,418.0,0.0,0.0,0.0,1.0,1.0
20631910.0,0.023110348731279373,0.0,0.0,17.540000915527344,0.02916259504854679,0.0,0.8263816475495308,0.0,0.0,0.0,4.953125,0.8320209973753281,0.0,0.0,0.0,0.0,0.0,2012.8790283203125,-4126381952.0,320.0,0.0,0.0,0.0,1.0,1.0
26882350.0,0.02468065917491913,0.0,0.0,21.6299991607666,0.02893274463713169,0.0,0.712938711367208,0.0,0.0,0.0,2.548689138576779,0.7182058047493404,0.0,0.0,0.0,0.0,0.0,2080.585693359375,-5376470016.0,534.0,0.0,0.0,0.0,1.0,1.0
14809459.0,0.023672085255384445,0.0,0.0,14.75,0.029776141047477722,0.0,0.8186119873817035,0.0,0.0,0.0,4.5659824046920825,0.8203371970495258,0.0,0.0,0.0,0.0,0.0,2346.984375,-2961891840.0,341.0,0.0,0.0,0.0,1.0,1.0
16510973.0,0.022305412217974663,0.0,0.0,13.039999961853027,0.029516879469156265,0.0,0.8493222106360793,0.0,0.0,0.0,6.241379310344827,0.861904761904762,0.0,0.0,0.0,0.0,0.0,2406.406982421875,-3302194688.0,261.0,0.0,0.0,0.0,1.0,1.0
34138960.0,0.022587645798921585,0.0,0.0,16.010000228881836,0.025574689731001854,0.0,0.8046585494970884,0.0,0.0,0.0,4.48377581120944,0.8176438945669715,0.0,0.0,0.0,0.0,0.0,1761.972412109375,-6827792128.0,339.0,0.0,0.0,0.0,1.0,1.0
16306752.0,0.02154463715851307,0.0,0.0,11.380000114440918,0.03026295080780983,0.0,0.8971044467425026,0.0,0.0,0.0,9.747191011235955,0.9069524307370622,0.0,0.0,0.0,0.0,0.0,2735.366943359375,-3261350528.0,178.0,0.0,0.0,0.0,1.0,1.0
15937789.0,0.022098850458860397,0.0,0.0,16.31999969482422,0.02723739668726921,0.0,0.7926634768740032,0.0,0.0,0.0,3.9236842105263157,0.7969000534473544,0.0,0.0,0.0,0.0,0.0,2037.153564453125,-3187557760.0,380.0,0.0,0.0,0.0,1.0,1.0
20446632.0,0.022123126313090324,0.0,0.0,17.18000030517578,0.024698417633771896,0.0,0.8176067474960463,0.0,0.0,0.0,4.787037037037037,0.8272,0.0,0.0,0.0,0.0,0.0,2176.23779296875,-4089326592.0,324.0,0.0,0.0,0.0,1.0,1.0
20314894.0,0.0216215830296278,0.0,0.0,14.90999984741211,0.025151800364255905,0.0,0.8464360587002097,0.0,0.0,0.0,5.646853146853147,0.8495528669121515,0.0,0.0,0.0,0.0,0.0,2016.26220703125,-4062978688.0,286.0,0.0,0.0,0.0,1.0,1.0
18229562.0,0.022131578996777534,0.0,0.0,17.530000686645508,0.030035968869924545,0.0,0.8298538622129437,0.0,0.0,0.0,5.408163265306122,0.8439490445859873,0.0,0.0,0.0,0.0,0.0,1990.140625,-3645912576.0,294.0,0.0,0.0,0.0,1.0,1.0
24060992.0,0.022929375991225243,0.0,0.0,16.68000030517578,0.02741762436926365,0.0,0.8296875,0.0,0.0,0.0,5.105769230769231,0.8362204724409449,0.0,0.0,0.0,0.0,0.0,2328.1181640625,-4812198144.0,312.0,0.0,0.0,0.0,1.0,1.0
25662914.0,0.022331247106194496,0.0,0.0,16.829999923706055,0.027084046974778175,0.0,0.8601982263954095,0.0,0.0,0.0,6.758196721311475,0.8711040676175383,0.0,0.0,0.0,0.0,0.0,2737.77099609375,-5132583168.0,244.0,0.0,0.0,0.0,1.0,1.0
15771118.0,0.022862087935209274,0.0,0.0,15.020000457763672,0.027872586622834206,0.0,0.8002136752136753,0.0,0.0,0.0,4.329479768786127,0.8123644251626898,0.0,0.0,0.0,0.0,0.0,2665.956298828125,-3154223488.0,346.0,0.0,0.0,0.0,1.0,1.0
22644972.0,0.022119924426078796,0.0,0.0,17.329999923706055,0.026401061564683914,0.0,0.8024172359432475,0.0,0.0,0.0,4.183561643835616,0.8070824524312896,0.0,0.0,0.0,0.0,0.0,2091.0029296875,-4528994304.0,365.0,0.0,0.0,0.0,1.0,1.0
34209468.0,0.021605007350444794,0.0,0.0,13.869999885559082,0.029931429773569107,0.0,0.8580278781621063,0.0,0.0,0.0,6.224719101123595,0.8615863141524106,0.0,0.0,0.0,0.0,0.0,2201.469482421875,-6841893120.0,267.0,0.0,0.0,0.0,1.0,1.0
15380483.0,0.021965118125081062,0.0,0.0,13.0,0.027714306488633156,0.0,0.8639705882352942,0.0,0.0,0.0,7.0905172413793105,0.8763985082578583,0.0,0.0,0.0,0.0,0.0,2750.978271484375,-3076096512.0,232.0,0.0,0.0,0.0,1.0,1.0
24401414.0,0.021557144820690155,0.0,0.0,17.93000030517578,0.030417894944548607,0.0,0.7854507116499736,0.0,0.0,0.0,3.9210526315789473,0.7967914438502673,0.0,0.0,0.0,0.0,0.0,1949.8851318359375,-4880282368.0,380.0,0.0,0.0,0.0,1.0,1.0
39777112.0,0.02222893200814724,0.0,0.0,19.260000228881836,0.025159914046525955,0.0,0.7950052029136316,0.0,0.0,0.0,3.9585492227979273,0.7983281086729362,0.0,0.0,0.0,0.0,0.0,2326.658447265625,-7955422208.0,386.0,0.0,0.0,0.0,1.0,1.0
25430370.0,0.022241538390517235,0.0,0.0,17.049999237060547,0.027768459171056747,0.0,0.7887840670859538,0.0,0.0,0.0,4.024064171122995,0.8009579563597659,0.0,0.0,0.0,0.0,0.0,1951.791015625,-5086073600.0,374.0,0.0,0.0,0.0,1.0,1.0
20790342.0,0.02303226664662361,0.0,0.0,18.889999389648438,0.02941029705107212,0.0,0.7815970386039133,0.0,0.0,0.0,3.8290155440414506,0.7929184549356223,0.0,0.0,0.0,0.0,0.0,2267.412353515625,-4158068096.0,386.0,0.0,0.0,0.0,1.0,1.0
35803536.0,0.022563252598047256,0.0,0.0,16.3799991607666,0.029820283874869347,0.0,0.8127593360995851,0.0,0.0,0.0,4.581871345029239,0.820848611838659,0.0,0.0,0.0,0.0,0.0,2275.655517578125,-7160707328.0,342.0,0.0,0.0,0.0,1.0,1.0
17898110.0,0.02092636376619339,0.0,0.0,15.609999656677246,0.025510570034384727,0.0,0.8548553719008265,0.0,0.0,0.0,6.268939393939394,0.8624283480979676,0.0,0.0,0.0,0.0,0.0,2255.19775390625,-3579621632.0,264.0,0.0,0.0,0.0,1.0,1.0
17097354.0,0.02188078686594963,0.0,0.0,15.279999732971191,0.02970179356634617,0.0,0.8262243285939969,0.0,0.0,0.0,5.012779552715655,0.8336875664187035,0.0,0.0,0.0,0.0,0.0,1648.16357421875,-3419470592.0,313.0,0.0,0.0,0.0,1.0,1.0
27806736.0,0.023010430857539177,0.0,0.0,20.889999389648438,0.028375869616866112,0.0,0.7518597236981934,0.0,0.0,0.0,3.26036866359447,0.7652785289345592,0.0,0.0,0.0,0.0,0.0,2433.0791015625,-5561347072.0,434.0,0.0,0.0,0.0,1.0,1.0
23174040.0,0.02152455970644951,0.0,0.0,18.389999389648438,0.026165518909692764,0.0,0.7628374801482266,0.0,0.0,0.0,3.4806763285024154,0.7768194070080863,0.0,0.0,0.0,0.0,0.0,2243.910888671875,-4634808064.0,414.0,0.0,0.0,0.0,1.0,1.0
20389366.0,0.021369928494095802,0.0,0.0,17.8700008392334,0.026956427842378616,0.0,0.7922628510863805,0.0,0.0,0.0,4.175977653631285,0.806799784133837,0.0,0.0,0.0,0.0,0.0,1679.8363037109375,-4077873024.0,358.0,0.0,0.0,0.0,1.0,1.0
17977766.0,0.02126687951385975,0.0,0.0,14.15999984741211,0.025536945089697838,0.0,0.8464322647362978,0.0,0.0,0.0,6.32046332046332,0.8633966244725738,0.0,0.0,0.0,0.0,0.0,2536.604248046875,-3595552896.0,259.0,0.0,0.0,0.0,1.0,1.0
21657716.0,0.020856352522969246,0.0,0.0,12.5600004196167,0.020550375804305077,0.0,0.8717683557394003,0.0,0.0,0.0,7.084033613445378,0.8762993762993763,0.0,0.0,0.0,0.0,0.0,2223.0390625,-4331543040.0,238.0,0.0,0.0,0.0,1.0,1.0
23069752.0,0.021326536312699318,0.0,0.0,17.0,0.024542517960071564,0.0,0.8008452192287374,0.0,0.0,0.0,4.199445983379501,0.8076718167288226,0.0,0.0,0.0,0.0,0.0,2790.420654296875,-4613950720.0,361.0,0.0,0.0,0.0,1.0,1.0
23536924.0,0.021390192210674286,0.0,0.0,16.079999923706055,0.025113588199019432,0.0,0.8527734577501296,0.0,0.0,0.0,5.9601449275362315,0.8563248308172826,0.0,0.0,0.0,0.0,0.0,2153.821044921875,-4707385088.0,276.0,0.0,0.0,0.0,1.0,1.0
30316022.0,0.021199844777584076,0.0,0.0,15.930000305175781,0.027394413948059082,0.0,0.8301587301587302,0.0,0.0,0.0,5.161184210526316,0.8376935397757608,0.0,0.0,0.0,0.0,0.0,1834.324462890625,-6063204352.0,304.0,0.0,0.0,0.0,1.0,1.0
26067560.0,0.021787207573652267,0.0,0.0,19.56999969482422,0.019646232947707176,0.0,0.7412698412698413,0.0,0.0,0.0,2.980851063829787,0.7487974345269909,0.0,0.0,0.0,0.0,0.0,1873.0316162109375,-5213512448.0,470.0,0.0,0.0,0.0,1.0,1.0
13096512.0,0.022708356380462646,0.0,0.0,14.270000457763672,0.029494279995560646,0.0,0.8374153204794164,0.0,0.0,0.0,5.338870431893688,0.8422431865828093,0.0,0.0,0.0,0.0,0.0,2165.98193359375,-2619302528.0,301.0,0.0,0.0,0.0,1.0,1.0
7099493.0,0.022214991971850395,0.0,0.0,11.199999809265137,0.030024975538253784,0.0,0.8230563002680965,0.0,0.0,0.0,5.116666666666666,0.8365122615803815,0.0,0.0,0.0,0.0,0.0,339.0146179199219,-283979712.0,60.0,0.0,0.0,0.0,1.0,1.0
63246668.0,0.021759765222668648,15159.2685546875,0.0,22.100000381469727,0.028368523344397545,0.0,0.670514165792235,0.0,0.0,0.0,2.108910891089109,0.678343949044586,0.0,0.0,0.0,0.0,-1.2011621038254816e-05,1783.2198486328125,-12649334272.0,606.0,0.0,0.0,0.0,1.0,1.0
50147928.0,0.02049930766224861,15159.2685546875,0.0,20.899999618530273,0.025140011683106422,0.0,0.7338501291989664,0.0,0.0,0.0,2.9098360655737703,0.7442348008385744,0.0,0.0,0.0,0.0,-1.2011621038254816e-05,1628.45947265625,-10029584896.0,488.0,0.0,0.0,0.0,1.0,1.0
41317552.0,0.019367683678865433,15159.2685546875,0.0,20.469999313354492,0.028534939512610435,0.0,0.727510460251046,0.0,0.0,0.0,2.765407554671968,0.7344244984160507,0.0,0.0,0.0,0.0,-1.2011621038254816e-05,1971.07177734375,-8263510016.0,503.0,0.0,0.0,0.0,1.0,1.0
39639976.0,0.020541571080684662,15159.2685546875,0.0,20.959999084472656,0.029468774795532227,0.0,0.7562982005141388,0.0,0.0,0.0,3.298206278026906,0.7673448095983307,0.0,0.0,0.0,0.0,-1.2011621038254816e-05,1996.097900390625,-7927995904.0,446.0,0.0,0.0,0.0,1.0,1.0
44247712.0,0.021190404891967773,15159.2685546875,0.0,24.709999084472656,0.02528185211122036,0.0,0.6747547754259163,0.0,0.0,0.0,2.1783333333333332,0.6853696906135291,0.0,0.0,0.0,0.0,-1.2011621038254816e-05,2844.919189453125,-8849542144.0,600.0,0.0,0.0,0.0,1.0,1.0
28434956.0,0.021802399307489395,15159.2685546875,0.0,19.43000030517578,0.0321006178855896,0.0,0.7751660705160961,0.0,0.0,0.0,3.5610328638497655,0.7807514153371076,0.0,0.0,0.0,0.0,-1.2011621038254816e-05,1782.3316650390625,-5686990592.0,426.0,0.0,0.0,0.0,1.0,1.0
38494360.0,0.022210827097296715,15159.2685546875,0.0,21.979999542236328,0.02604549005627632,0.0,0.7782340862422998,0.0,0.0,0.0,3.79,0.791231732776618,0.0,0.0,0.0,0.0,-1.2011621038254816e-05,2253.604248046875,-7698872576.0,400.0,0.0,0.0,0.0,1.0,1.0
49291136.0,0.019677096977829933,15159.2685546875,0.0,24.8700008392334,0.03148446977138519,0.0,0.6409853249475891,0.0,0.0,0.0,1.8700305810397553,0.6515716568993074,0.0,0.0,0.0,0.0,-1.2011621038254816e-05,1596.961181640625,-9858227712.0,654.0,0.0,0.0,0.0,1.0,1.0
44044360.0,0.021054768934845924,15159.2685546875,0.0,25.290000915527344,0.02877306565642357,0.0,0.6456936565239815,0.0,0.0,0.0,1.8770614692653673,0.6524231370505471,0.0,0.0,0.0,0.0,-1.2011621038254816e-05,1519.47216796875,-8808871424.0,667.0,0.0,0.0,0.0,1.0,1.0
37153996.0,0.021956687793135643,15159.2685546875,0.0,22.1200008392334,0.027003174647688866,0.0,0.7501287995878413,0.0,0.0,0.0,3.1447084233261338,0.7587285044293903,0.0,0.0,0.0,0.0,-1.2011621038254816e-05,2255.531494140625,-7430799872.0,463.0,0.0,0.0,0.0,1.0,1.0
37278224.0,0.019953440874814987,15159.2685546875,0.0,21.040000915527344,0.02606227993965149,0.0,0.7058212058212058,0.0,0.0,0.0,2.5194805194805197,0.7158671586715867,0.0,0.0,0.0,0.0,-1.2011621038254816e-05,1918.187744140625,-7455645184.0,539.0,0.0,0.0,0.0,1.0,1.0
39063428.0,0.019952652975916862,15159.2685546875,0.0,22.920000076293945,0.02350243553519249,0.0,0.7173800928313564,0.0,0.0,0.0,2.7062256809338523,0.7301837270341207,0.0,0.0,0.0,0.0,-1.2011621038254816e-05,2019.389404296875,-7812685824.0,514.0,0.0,0.0,0.0,1.0,1.0
34419064.0,0.020502908155322075,15159.2685546875,0.0,19.940000534057617,0.028937991708517075,0.0,0.7860082304526749,0.0,0.0,0.0,3.9280205655526994,0.7970787689097548,0.0,0.0,0.0,0.0,-1.2011621038254816e-05,1817.019287109375,-6883812864.0,389.0,0.0,0.0,0.0,1.0,1.0
26068730.0,0.020878035575151443,15159.2685546875,0.0,16.860000610351562,0.023942861706018448,0.0,0.8086323452938118,0.0,0.0,0.0,4.417613636363637,0.815416885159937,0.0,0.0,0.0,0.0,-1.2011621038254816e-05,2122.607666015625,-5213746176.0,352.0,0.0,0.0,0.0,1.0,1.0
26399180.0,0.020910458639264107,15159.2685546875,0.0,17.8799991607666,0.02886298857629299,0.0,0.7631441957313899,0.0,0.0,0.0,3.2723214285714284,0.7659352142110762,0.0,0.0,0.0,0.0,-1.2011621038254816e-05,1842.6607666015625,-5279836160.0,448.0,0.0,0.0,0.0,1.0,1.0
37126220.0,0.02065143547952175,15159.2685546875,0.0,22.90999984741211,0.03205264359712601,0.0,0.6871165644171779,0.0,0.0,0.0,2.2896081771720613,0.6960124287933713,0.0,0.0,0.0,0.0,-1.2011621038254816e-05,1692.187744140625,-7425243904.0,587.0,0.0,0.0,0.0,1.0,1.0
28870580.0,0.018803777173161507,15159.2685546875,0.0,19.84000015258789,0.0239135529845953,0.0,0.7683116883116883,0.0,0.0,0.0,3.563855421686747,0.7808870116156283,0.0,0.0,0.0,0.0,-1.2011621038254816e-05,1553.3485107421875,-5774116096.0,415.0,0.0,0.0,0.0,1.0,1.0
46747704.0,0.019171901047229767,15159.2685546875,0.0,23.239999771118164,0.022987451404333115,0.0,0.6881061766207248,0.0,0.0,0.0,2.2847457627118644,0.695562435500516,0.0,0.0,0.0,0.0,-1.2011621038254816e-05,1699.4195556640625,-9349541376.0,590.0,0.0,0.0,0.0,1.0,1.0
42914088.0,0.020030556246638298,15159.2685546875,0.0,19.549999237060547,0.024188170209527016,0.0,0.7271784232365145,0.0,0.0,0.0,2.7436399217221137,0.7328802927339257,0.0,0.0,0.0,0.0,-1.2011621038254816e-05,1857.1151123046875,-8582817280.0,511.0,0.0,0.0,0.0,1.0,1.0
43872844.0,0.020388929173350334,15159.2685546875,0.0,23.239999771118164,0.024017656221985817,0.0,0.6738794435857806,0.0,0.0,0.0,2.109677419354839,0.6784232365145229,0.0,0.0,0.0,0.0,-1.2011621038254816e-05,1983.9151611328125,-8774569472.0,620.0,0.0,0.0,0.0,1.0,1.0
44416920.0,0.0204810481518507,15159.2685546875,0.0,21.1299991607666,0.027437571436166763,0.0,0.738009283135637,0.0,0.0,0.0,3.018987341772152,0.7511811023622047,0.0,0.0,0.0,0.0,-1.2011621038254816e-05,1656.0208740234375,-8883383296.0,474.0,0.0,0.0,0.0,1.0,1.0
33215322.0,0.019307494163513184,15159.2685546875,0.0,21.049999237060547,0.029760608449578285,0.0,0.7801127626858022,0.0,0.0,0.0,3.730392156862745,0.78860103626943,0.0,0.0,0.0,0.0,-1.2011621038254816e-05,1689.6630859375,-6643064064.0,408.0,0.0,0.0,0.0,1.0,1.0
52876764.0,0.02047405019402504,15159.2685546875,0.0,18.899999618530273,0.026191825047135353,0.0,0.7468879668049793,0.0,0.0,0.0,3.1372549019607843,0.7582938388625592,0.0,0.0,0.0,0.0,-1.2011621038254816e-05,2343.03369140625,-10575352832.0,459.0,0.0,0.0,0.0,1.0,1.0
32897618.0,0.021120905876159668,15159.2685546875,0.0,17.860000610351562,0.029363352805376053,0.0,0.7716823406478579,0.0,0.0,0.0,3.559036144578313,0.7806553911205074,0.0,0.0,0.0,0.0,-1.2011621038254816e-05,1650.4163818359375,-6579523328.0,415.0,0.0,0.0,0.0,1.0,1.0
46732380.0,0.02008429355919361,15159.2685546875,0.0,20.700000762939453,0.027782756835222244,0.0,0.7402464065708418,0.0,0.0,0.0,2.924949290060852,0.7452196382428941,0.0,0.0,0.0,0.0,-1.2011621038254816e-05,1476.528076171875,-9346476544.0,493.0,0.0,0.0,0.0,1.0,1.0
35787688.0,0.02090456895530224,15159.2685546875,0.0,20.780000686645508,0.026878034695982933,0.0,0.683935112506541,0.0,0.0,0.0,2.245704467353952,0.6919004764425623,0.0,0.0,0.0,0.0,-1.2011621038254816e-05,1526.6141357421875,-7157537792.0,582.0,0.0,0.0,0.0,1.0,1.0
34111704.0,0.020794834941625595,15159.2685546875,0.0,16.350000381469727,0.02574252523481846,0.0,0.8025906735751296,0.0,0.0,0.0,4.2908587257617725,0.8109947643979057,0.0,0.0,0.0,0.0,-1.2011621038254816e-05,2566.05224609375,-6822340352.0,361.0,0.0,0.0,0.0,1.0,1.0
46612256.0,0.020392995327711105,15159.2685546875,0.0,20.43000030517578,0.02628042921423912,0.0,0.7605561277033985,0.0,0.0,0.0,3.403225806451613,0.7728937728937729,0.0,0.0,0.0,0.0,-1.2011621038254816e-05,1974.8502197265625,-9322451968.0,434.0,0.0,0.0,0.0,1.0,1.0
40401548.0,0.020000506192445755,15159.2685546875,0.0,24.549999237060547,0.02771638333797455,0.0,0.6838874680306906,0.0,0.0,0.0,2.2470588235294118,0.6920289855072463,0.0,0.0,0.0,0.0,-1.2011621038254816e-05,2106.37646484375,-8080310016.0,595.0,0.0,0.0,0.0,1.0,1.0
35240052.0,0.021682903170585632,15159.2685546875,0.0,18.65999984741211,0.02712000533938408,0.0,0.7949640287769785,0.0,0.0,0.0,4.071052631578947,0.8028022833419823,0.0,0.0,0.0,0.0,-1.2011621038254816e-05,2001.300537109375,-7048010240.0,380.0,0.0,0.0,0.0,1.0,1.0
52148188.0,0.01986302062869072,15159.2685546875,0.0,21.0,0.029552066698670387,0.0,0.7507739938080495,0.0,0.0,0.0,3.197802197802198,0.7617801047120419,0.0,0.0,0.0,0.0,-1.2011621038254816e-05,1618.7484130859375,-10429638144.0,455.0,0.0,0.0,0.0,1.0,1.0
34443004.0,0.021275406703352928,15159.2685546875,0.0,20.690000534057617,0.02486657351255417,0.0,0.7187337830825117,0.0,0.0,0.0,2.66859344894027,0.7274159663865546,0.0,0.0,0.0,0.0,-1.2011621038254816e-05,1788.6976318359375,-6888600320.0,519.0,0.0,0.0,0.0,1.0,1.0
26062446.0,0.020753931254148483,15159.2685546875,0.0,19.040000915527344,0.026472043246030807,0.0,0.8157084188911704,0.0,0.0,0.0,4.646198830409356,0.8228896944588296,0.0,0.0,0.0,0.0,-1.2011621038254816e-05,1778.830078125,-5212489472.0,342.0,0.0,0.0,0.0,1.0,1.0
42264280.0,0.02086944505572319,15159.2685546875,0.0,21.700000762939453,0.027788588777184486,0.0,0.7458057956278596,0.0,0.0,0.0,3.0435684647302903,0.7526936890713186,0.0,0.0,0.0,0.0,-1.2011621038254816e-05,1719.3089599609375,-8452856064.0,482.0,0.0,0.0,0.0,1.0,1.0
44278864.0,0.02036447450518608,15159.2685546875,0.0,23.350000381469727,0.026736492291092873,0.0,0.7021716649431231,0.0,0.0,0.0,2.478102189781022,0.7124868835257083,0.0,0.0,0.0,0.0,-1.2011621038254816e-05,1433.5316162109375,-8855773184.0,548.0,0.0,0.0,0.0,1.0,1.0
49723232.0,0.019794905558228493,15159.2685546875,0.0,21.850000381469727,0.02469739317893982,0.0,0.7025906735751295,0.0,0.0,0.0,2.4609800362976406,0.7110644992134242,0.0,0.0,0.0,0.0,-1.2011621038254816e-05,1830.25390625,-9944646656.0,551.0,0.0,0.0,0.0,1.0,1.0
47597220.0,0.020018449053168297,15159.2685546875,0.0,21.389999389648438,0.03275091201066971,0.0,0.7393753200204813,0.0,0.0,0.0,3.0146137787056366,0.750910036401456,0.0,0.0,0.0,0.0,-1.2011621038254816e-05,2079.309814453125,-9519443456.0,479.0,0.0,0.0,0.0,1.0,1.0
52228988.0,0.02086106315255165,15159.2685546875,0.0,21.350000381469727,0.026719581335783005,0.0,0.7449768160741885,0.0,0.0,0.0,3.0,0.75,0.0,0.0,0.0,0.0,-1.2011621038254816e-05,2010.5540771484375,-10445796864.0,482.0,0.0,0.0,0.0,1.0,1.0
58206172.0,0.0194771196693182,15159.2685546875,0.0,23.020000457763672,0.028832435607910156,0.0,0.7045690550363447,0.0,0.0,0.0,2.494485294117647,0.7138348237769595,0.0,0.0,0.0,0.0,-1.2011621038254816e-05,1704.907958984375,-11641233408.0,544.0,0.0,0.0,0.0,1.0,1.0
50654828.0,0.020688049495220184,15159.2685546875,0.0,20.040000915527344,0.02780623361468315,0.0,0.7684373388344508,0.0,0.0,0.0,3.4976525821596245,0.7776617954070981,0.0,0.0,0.0,0.0,-1.2011621038254816e-05,1926.32470703125,-10130965504.0,426.0,0.0,0.0,0.0,1.0,1.0
44468292.0,0.018747888505458832,15159.2685546875,0.0,22.110000610351562,0.024727046489715576,0.0,0.7297992794647452,0.0,0.0,0.0,2.8247011952191237,0.7385416666666667,0.0,0.0,0.0,0.0,-1.2011621038254816e-05,1902.1163330078125,-8893658112.0,502.0,0.0,0.0,0.0,1.0,1.0
38235608.0,0.02153661474585533,15159.2685546875,0.0,24.850000381469727,0.03150734305381775,0.0,0.668041237113402,0.0,0.0,0.0,2.0903225806451613,0.6764091858037579,0.0,0.0,0.0,0.0,-1.2011621038254816e-05,1862.625244140625,-7647122176.0,620.0,0.0,0.0,0.0,1.0,1.0
41515300.0,0.01961512863636017,15159.2685546875,0.0,19.360000610351562,0.025081712752580643,0.0,0.7345360824742269,0.0,0.0,0.0,2.878787878787879,0.7421875,0.0,0.0,0.0,0.0,-1.2011621038254816e-05,1791.1534423828125,-8303059968.0,495.0,0.0,0.0,0.0,1.0,1.0
62887568.0,0.02008192054927349,15159.2685546875,0.0,23.989999771118164,0.02705724909901619,0.0,0.6664953751284687,0.0,0.0,0.0,2.071884984025559,0.6744669786791472,0.0,0.0,0.0,0.0,-1.2011621038254816e-05,2410.78564453125,-12577513472.0,626.0,0.0,0.0,0.0,1.0,1.0
37314572.0,0.019143657758831978,15159.2685546875,0.0,20.309999465942383,0.023171262815594673,0.0,0.7186034392912976,0.0,0.0,0.0,2.651923076923077,0.7261716692996314,0.0,0.0,0.0,0.0,-1.2011621038254816e-05,1664.9007568359375,-7462914048.0,520.0,0.0,0.0,0.0,1.0,1.0
56026552.0,0.01901867240667343,15159.2685546875,0.0,18.940000534057617,0.024736570194363594,0.0,0.8050541516245487,0.0,0.0,0.0,4.360335195530726,0.8134445023449713,0.0,0.0,0.0,0.0,-1.2011621038254816e-05,2207.807861328125,-11205309952.0,358.0,0.0,0.0,0.0,1.0,1.0
21670838.0,0.01959572732448578,15159.2685546875,0.0,20.600000381469727,0.02308638021349907,0.0,0.7888548057259713,0.0,0.0,0.0,3.916243654822335,0.7965926690758905,0.0,0.0,0.0,0.0,-1.2011621038254816e-05,2193.456787109375,-4334167552.0,394.0,0.0,0.0,0.0,1.0,1.0
37366768.0,0.019945602864027023,15159.2685546875,0.0,18.8700008392334,0.022385314106941223,0.0,0.8153452685421995,0.0,0.0,0.0,4.844984802431611,0.8289131565262611,0.0,0.0,0.0,0.0,-1.2011621038254816e-05,2084.73046875,-7473353984.0,329.0,0.0,0.0,0.0,1.0,1.0
34312124.0,0.021754929795861244,15159.2685546875,0.0,19.100000381469727,0.021858934313058853,0.0,0.7699433865156974,0.0,0.0,0.0,3.5875299760191846,0.7820177731312076,0.0,0.0,0.0,0.0,-1.2011621038254816e-05,1905.75,-6862425088.0,417.0,0.0,0.0,0.0,1.0,1.0
17196876.0,0.021163728088140488,15159.2685546875,0.0,18.209999084472656,0.02748342789709568,0.0,0.8165374677002584,0.0,0.0,0.0,4.759036144578313,0.8263598326359832,0.0,0.0,0.0,0.0,-1.2011621038254816e-05,2256.169921875,-3439375232.0,332.0,0.0,0.0,0.0,1.0,1.0
38939404.0,0.021091988310217857,15159.2685546875,0.0,20.200000762939453,0.026122834533452988,0.0,0.7536082474226804,0.0,0.0,0.0,3.1645021645021645,0.7598752598752598,0.0,0.0,0.0,0.0,-1.2011621038254816e-05,1999.103759765625,-7787880960.0,462.0,0.0,0.0,0.0,1.0,1.0
40077484.0,0.01999632641673088,15159.2685546875,0.0,15.75,0.029793813824653625,0.0,0.6795865633074936,0.0,0.0,0.0,2.683673469387755,0.7285318559556787,0.0,0.0,0.0,0.0,-1.2011621038254816e-05,540.2756958007812,-1603099264.0,98.0,0.0,0.0,0.0,1.0,1.0
43524532.0,0.020208442583680153,10728.2763671875,0.0,22.540000915527344,0.023681560531258583,0.0,0.6043727225403436,0.0,0.0,0.0,1.5668016194331984,0.610410094637224,0.0,0.0,0.0,0.0,-1.817824158933945e-05,1858.877197265625,-8704906240.0,741.0,0.0,0.0,0.0,1.0,1.0
77816680.0,0.020027579739689827,10728.2763671875,0.0,24.0,0.02593809925019741,0.0,0.6645994832041343,0.0,0.0,0.0,2.0608974358974357,0.6732984293193718,0.0,0.0,0.0,0.0,-1.817824158933945e-05,1780.015869140625,-15563336704.0,624.0,0.0,0.0,0.0,1.0,1.0
64248052.0,0.020448315888643265,10728.2763671875,0.0,24.969999313354492,0.02841375209391117,0.0,0.6023846552617936,0.0,0.0,0.0,1.578804347826087,0.6122233930453108,0.0,0.0,0.0,0.0,-1.817824158933945e-05,1403.439453125,-12849610752.0,736.0,0.0,0.0,0.0,1.0,1.0
69455936.0,0.02105936035513878,10728.2763671875,0.0,23.700000762939453,0.027086790651082993,0.0,0.6253886010362695,0.0,0.0,0.0,1.7169274537695591,0.6319371727748692,0.0,0.0,0.0,0.0,-1.817824158933945e-05,1660.7235107421875,-13891187200.0,703.0,0.0,0.0,0.0,1.0,1.0
83398528.0,0.01951739937067032,10728.2763671875,0.0,26.989999771118164,0.0313306525349617,0.0,0.5985626283367557,0.0,0.0,0.0,1.573549257759784,0.6114315679077085,0.0,0.0,0.0,0.0,-1.817824158933945e-05,1798.497802734375,-16679705600.0,741.0,0.0,0.0,0.0,1.0,1.0
50820768.0,0.02099415846168995,10728.2763671875,0.0,23.719999313354492,0.02681594528257847,0.0,0.5630423685553854,0.0,0.0,0.0,1.3353510895883778,0.5717988595127009,0.0,0.0,0.0,0.0,-1.817824158933945e-05,1251.51025390625,-10164153856.0,826.0,0.0,0.0,0.0,1.0,1.0
39656332.0,0.02021118812263012,10728.2763671875,0.0,25.040000915527344,0.030670449137687683,0.0,0.5793528505392912,0.0,0.0,0.0,1.396039603960396,0.5826446280991735,0.0,0.0,0.0,0.0,-1.817824158933945e-05,1607.6051025390625,-7931266048.0,808.0,0.0,0.0,0.0,1.0,1.0
41137292.0,0.020307764410972595,10728.2763671875,0.0,22.809999465942383,0.02712167426943779,0.0,0.5761554621848739,0.0,0.0,0.0,1.4028132992327367,0.5838211814795103,0.0,0.0,0.0,0.0,-1.817824158933945e-05,1471.6842041015625,-8227457792.0,782.0,0.0,0.0,0.0,1.0,1.0
107459648.0,0.01992560736835003,10728.2763671875,0.0,24.579999923706055,0.02839754894375801,0.0,0.5775012960082945,0.0,0.0,0.0,1.41191381495564,0.5853914871255912,0.0,0.0,0.0,0.0,-1.817824158933945e-05,1727.7518310546875,-21491929088.0,789.0,0.0,0.0,0.0,1.0,1.0
65637308.0,0.020200960338115692,10728.2763671875,0.0,25.450000762939453,0.027540570124983788,0.0,0.5816485225505443,0.0,0.0,0.0,1.4403080872913991,0.590215675960021,0.0,0.0,0.0,0.0,-1.817824158933945e-05,1403.2841796875,-13127462400.0,779.0,0.0,0.0,0.0,1.0,1.0
41401936.0,0.02072891965508461,10728.2763671875,0.0,22.459999084472656,0.032232992351055145,0.0,0.6359375,0.0,0.0,0.0,1.8251121076233183,0.6460317460317461,0.0,0.0,0.0,0.0,-1.817824158933945e-05,1448.5125732421875,-8280387328.0,669.0,0.0,0.0,0.0,1.0,1.0
91708488.0,0.01885545440018177,10728.2763671875,0.0,25.1299991607666,0.025915423408150673,0.0,0.5598111227701994,0.0,0.0,0.0,1.305997552019584,0.5663481953290871,0.0,0.0,0.0,0.0,-1.817824158933945e-05,1627.916259765625,-18341696512.0,817.0,0.0,0.0,0.0,1.0,1.0
77952824.0,0.021029379218816757,10728.2763671875,0.0,26.059999465942383,0.02912399172782898,0.0,0.5825142265907916,0.0,0.0,0.0,1.4435897435897436,0.5907660020986358,0.0,0.0,0.0,0.0,-1.817824158933945e-05,1673.203857421875,-15590565376.0,780.0,0.0,0.0,0.0,1.0,1.0
64934056.0,0.020521316677331924,10728.2763671875,0.0,23.75,0.028989901766180992,0.0,0.5997931747673216,0.0,0.0,0.0,1.5343915343915344,0.605427974947808,0.0,0.0,0.0,0.0,-1.817824158933945e-05,1403.691162109375,-12986811392.0,756.0,0.0,0.0,0.0,1.0,1.0
35376020.0,0.020248007029294968,10728.2763671875,0.0,23.280000686645508,0.027503371238708496,0.0,0.6339700567888488,0.0,0.0,0.0,1.8219584569732938,0.6456361724500526,0.0,0.0,0.0,0.0,-1.817824158933945e-05,1574.2618408203125,-7075204608.0,674.0,0.0,0.0,0.0,1.0,1.0
46599984.0,0.02059468813240528,10728.2763671875,0.0,22.56999969482422,0.02376493066549301,0.0,0.6039029535864979,0.0,0.0,0.0,1.5771349862258952,0.6119722073757349,0.0,0.0,0.0,0.0,-1.817824158933945e-05,1486.8863525390625,-9319995904.0,726.0,0.0,0.0,0.0,1.0,1.0
56956304.0,0.01956174336373806,10728.2763671875,0.0,23.399999618530273,0.023798933252692223,0.0,0.5901116427432217,0.0,0.0,0.0,1.493943472409152,0.5990286022665947,0.0,0.0,0.0,0.0,-1.817824158933945e-05,1485.8306884765625,-11391260672.0,743.0,0.0,0.0,0.0,1.0,1.0
63391128.0,0.021805107593536377,10728.2763671875,0.0,25.56999969482422,0.022707253694534302,0.0,0.58125,0.0,0.0,0.0,1.4252873563218391,0.5876777251184834,0.0,0.0,0.0,0.0,-1.817824158933945e-05,1369.9271240234375,-12678225408.0,783.0,0.0,0.0,0.0,1.0,1.0
55697900.0,0.019027329981327057,10728.2763671875,0.0,22.559999465942383,0.02286764606833458,0.0,0.6203319502074689,0.0,0.0,0.0,1.6964539007092199,0.6291425565491846,0.0,0.0,0.0,0.0,-1.817824158933945e-05,1549.0364990234375,-11139580416.0,705.0,0.0,0.0,0.0,1.0,1.0
25754796.0,0.01991676166653633,10728.2763671875,0.0,21.940000534057617,0.02881733514368534,0.0,0.6472120896300156,0.0,0.0,0.0,1.9226006191950464,0.6578389830508474,0.0,0.0,0.0,0.0,-1.817824158933945e-05,1935.3525390625,-5150959360.0,646.0,0.0,0.0,0.0,1.0,1.0
64947260.0,0.020958013832569122,10728.2763671875,0.0,27.469999313354492,0.02173321507871151,0.0,0.5498458376156218,0.0,0.0,0.0,1.2647754137115839,0.558455114822547,0.0,0.0,0.0,0.0,-1.817824158933945e-05,1383.274658203125,-12989453312.0,846.0,0.0,0.0,0.0,1.0,1.0
67357976.0,0.021547961980104446,10728.2763671875,0.0,24.030000686645508,0.02527989074587822,0.0,0.5780104712041885,0.0,0.0,0.0,1.4081632653061225,0.5847457627118644,0.0,0.0,0.0,0.0,-1.817824158933945e-05,1605.717041015625,-13471594496.0,784.0,0.0,0.0,0.0,1.0,1.0
62575324.0,0.018968544900417328,10728.2763671875,0.0,25.700000762939453,0.027770742774009705,0.0,0.6073619631901841,0.0,0.0,0.0,1.601078167115903,0.6155440414507772,0.0,0.0,0.0,0.0,-1.817824158933945e-05,1626.3563232421875,-12515064832.0,742.0,0.0,0.0,0.0,1.0,1.0
65332920.0,0.019159531220793724,10728.2763671875,0.0,23.100000381469727,0.0254676453769207,0.0,0.6598958333333333,0.0,0.0,0.0,2.017515923566879,0.6686015831134564,0.0,0.0,0.0,0.0,-1.817824158933945e-05,1426.429443359375,-13066584576.0,628.0,0.0,0.0,0.0,1.0,1.0
28219642.0,0.01903640665113926,10728.2763671875,0.0,20.940000534057617,0.024992763996124268,0.0,0.6536430834213305,0.0,0.0,0.0,1.9619651347068146,0.6623863028357411,0.0,0.0,0.0,0.0,-1.817824158933945e-05,1954.703369140625,-5643928832.0,631.0,0.0,0.0,0.0,1.0,1.0
69688712.0,0.020882640033960342,10728.2763671875,0.0,25.280000686645508,0.023935513570904732,0.0,0.58887171561051,0.0,0.0,0.0,1.4863459037711313,0.5978033472803347,0.0,0.0,0.0,0.0,-1.817824158933945e-05,1449.3104248046875,-13937743360.0,769.0,0.0,0.0,0.0,1.0,1.0
58606080.0,0.0187778752297163,10728.2763671875,0.0,26.520000457763672,0.027168165892362595,0.0,0.592516658124039,0.0,0.0,0.0,1.513089005235602,0.6020833333333333,0.0,0.0,0.0,0.0,-1.817824158933945e-05,2007.42431640625,-11721216000.0,764.0,0.0,0.0,0.0,1.0,1.0
65834500.0,0.020540475845336914,10728.2763671875,0.0,26.1299991607666,0.024201620370149612,0.0,0.6210796915167095,0.0,0.0,0.0,1.7062146892655368,0.6304801670146137,0.0,0.0,0.0,0.0,-1.817824158933945e-05,1541.646484375,-13166900224.0,708.0,0.0,0.0,0.0,1.0,1.0
53984332.0,0.01901884749531746,10728.2763671875,0.0,25.530000686645508,0.02302635833621025,0.0,0.5948717948717949,0.0,0.0,0.0,1.5183246073298429,0.6029106029106029,0.0,0.0,0.0,0.0,-1.817824158933945e-05,1586.451416015625,-10796866560.0,764.0,0.0,0.0,0.0,1.0,1.0
48080896.0,0.020438585430383682,10728.2763671875,0.0,24.059999465942383,0.027097512036561966,0.0,0.6118488253319714,0.0,0.0,0.0,1.6321525885558583,0.6200828157349897,0.0,0.0,0.0,0.0,-1.817824158933945e-05,1499.0079345703125,-9616179200.0,734.0,0.0,0.0,0.0,1.0,1.0
73922904.0,0.019189031794667244,10728.2763671875,0.0,24.3700008392334,0.027859818190336227,0.0,0.6095189355168884,0.0,0.0,0.0,1.6072874493927125,0.6164596273291926,0.0,0.0,0.0,0.0,-1.817824158933945e-05,1835.85302734375,-14784581120.0,741.0,0.0,0.0,0.0,1.0,1.0
74077936.0,0.018938925117254257,10728.2763671875,0.0,26.260000228881836,0.021837465465068817,0.0,0.5819209039548022,0.0,0.0,0.0,1.4378172588832487,0.5897969807391983,0.0,0.0,0.0,0.0,-1.817824158933945e-05,1495.4713134765625,-14815587840.0,788.0,0.0,0.0,0.0,1.0,1.0
41489432.0,0.02010784111917019,10728.2763671875,0.0,25.6299991607666,0.02535419538617134,0.0,0.6149870801033591,0.0,0.0,0.0,1.6713483146067416,0.6256572029442692,0.0,0.0,0.0,0.0,-1.817824158933945e-05,2211.72314453125,-8297885696.0,712.0,0.0,0.0,0.0,1.0,1.0
44851596.0,0.019848907366394997,10728.2763671875,0.0,25.209999084472656,0.026448512449860573,0.0,0.6079545454545454,0.0,0.0,0.0,1.6415620641562063,0.6214361140443506,0.0,0.0,0.0,0.0,-1.817824158933945e-05,1587.0863037109375,-8970319360.0,717.0,0.0,0.0,0.0,1.0,1.0
66132276.0,0.01935570314526558,10728.2763671875,0.0,24.360000610351562,0.02320784702897072,0.0,0.6142783769902413,0.0,0.0,0.0,1.6588072122052704,0.6238914971309337,0.0,0.0,0.0,0.0,-1.817824158933945e-05,1517.029296875,-13226454016.0,721.0,0.0,0.0,0.0,1.0,1.0
66294176.0,0.01931052841246128,10728.2763671875,0.0,25.43000030517578,0.02543875202536583,0.0,0.5518672199170125,0.0,0.0,0.0,1.2834740651387213,0.5620707871104068,0.0,0.0,0.0,0.0,-1.817824158933945e-05,1424.105712890625,-13258834944.0,829.0,0.0,0.0,0.0,1.0,1.0
80419392.0,0.019593581557273865,10728.2763671875,0.0,23.100000381469727,0.02823188342154026,0.0,0.5744570837642192,0.0,0.0,0.0,1.3818407960199004,0.5801566579634465,0.0,0.0,0.0,0.0,-1.817824158933945e-05,1349.432861328125,-16083878400.0,804.0,0.0,0.0,0.0,1.0,1.0
54183504.0,0.02020178735256195,10728.2763671875,0.0,23.440000534057617,0.02350502274930477,0.0,0.6120104438642298,0.0,0.0,0.0,1.6483825597749648,0.6224110462028678,0.0,0.0,0.0,0.0,-1.817824158933945e-05,1686.883056640625,-10836701184.0,711.0,0.0,0.0,0.0,1.0,1.0
51917072.0,0.020918933674693108,10728.2763671875,0.0,24.270000457763672,0.026125505566596985,0.0,0.5685567010309278,0.0,0.0,0.0,1.3467643467643469,0.5738813735691988,0.0,0.0,0.0,0.0,-1.817824158933945e-05,1315.215087890625,-10383414784.0,819.0,0.0,0.0,0.0,1.0,1.0
44180132.0,0.021022319793701172,10728.2763671875,0.0,23.049999237060547,0.025145772844552994,0.0,0.6475748194014448,0.0,0.0,0.0,1.8787425149700598,0.6526261050442018,0.0,0.0,0.0,0.0,-1.817824158933945e-05,1654.636474609375,-8836026880.0,668.0,0.0,0.0,0.0,1.0,1.0
58607676.0,0.019887875765562057,10728.2763671875,0.0,24.610000610351562,0.021650072187185287,0.0,0.5791645177926766,0.0,0.0,0.0,1.4379001280409731,0.5898109243697479,0.0,0.0,0.0,0.0,-1.817824158933945e-05,1385.7818603515625,-11721535488.0,781.0,0.0,0.0,0.0,1.0,1.0
70656472.0,0.01981211267411709,10728.2763671875,0.0,25.360000610351562,0.028017520904541016,0.0,0.6090768437338835,0.0,0.0,0.0,1.6046195652173914,0.6160667709963484,0.0,0.0,0.0,0.0,-1.817824158933945e-05,1439.306396484375,-14131294208.0,736.0,0.0,0.0,0.0,1.0,1.0
77956096.0,0.02048451639711857,10728.2763671875,0.0,24.889999389648438,0.02560199797153473,0.0,0.6056847545219638,0.0,0.0,0.0,1.5923913043478262,0.6142557651991615,0.0,0.0,0.0,0.0,-1.817824158933945e-05,1380.759765625,-15591218688.0,736.0,0.0,0.0,0.0,1.0,1.0
62165612.0,0.019811224192380905,10728.2763671875,0.0,24.799999237060547,0.028036529198288918,0.0,0.6126869520371325,0.0,0.0,0.0,1.6386206896551725,0.6210141139571353,0.0,0.0,0.0,0.0,-1.817824158933945e-05,1627.434326171875,-12433122304.0,725.0,0.0,0.0,0.0,1.0,1.0
54153660.0,0.020383400842547417,10728.2763671875,0.0,25.700000762939453,0.02928202785551548,0.0,0.5756476683937823,0.0,0.0,0.0,1.3957286432160805,0.5825904562139486,0.0,0.0,0.0,0.0,-1.817824158933945e-05,1396.2235107421875,-10830731776.0,796.0,0.0,0.0,0.0,1.0,1.0
51589644.0,0.02127467468380928,10728.2763671875,0.0,23.899999618530273,0.02818603254854679,0.0,0.5782881002087683,0.0,0.0,0.0,1.4150702426564497,0.5859333685880487,0.0,0.0,0.0,0.0,-1.817824158933945e-05,1424.3409423828125,-10317927936.0,783.0,0.0,0.0,0.0,1.0,1.0
62230160.0,0.019669951871037483,10728.2763671875,0.0,22.8700008392334,0.027005601674318314,0.0,0.6438998957247133,0.0,0.0,0.0,1.8571428571428572,0.65,0.0,0.0,0.0,0.0,-1.817824158933945e-05,1902.926025390625,-12446031872.0,665.0,0.0,0.0,0.0,1.0,1.0
78028728.0,0.019696814939379692,10728.2763671875,0.0,24.5,0.026893163099884987,0.0,0.5605590062111802,0.0,0.0,0.0,1.3127272727272727,0.5676100628930818,0.0,0.0,0.0,0.0,-1.817824158933945e-05,1581.8668212890625,-15605745664.0,825.0,0.0,0.0,0.0,1.0,1.0
53256984.0,0.01989380270242691,10728.2763671875,0.0,23.989999771118164,0.0258181095123291,0.0,0.6199895887558563,0.0,0.0,0.0,1.6845827439886847,0.6275026343519494,0.0,0.0,0.0,0.0,-1.817824158933945e-05,1583.2137451171875,-10651397120.0,707.0,0.0,0.0,0.0,1.0,1.0
57762956.0,0.019931413233280182,10728.2763671875,0.0,23.010000228881836,0.02548873983323574,0.0,0.6010443864229765,0.0,0.0,0.0,1.5596205962059622,0.6093170989941769,0.0,0.0,0.0,0.0,-1.817824158933945e-05,1711.2548828125,-11552591360.0,738.0,0.0,0.0,0.0,1.0,1.0
96553240.0,0.019037339836359024,10728.2763671875,0.0,26.079999923706055,0.02571311965584755,0.0,0.5915789473684211,0.0,0.0,0.0,1.4887417218543046,0.5981905268759978,0.0,0.0,0.0,0.0,-1.817824158933945e-05,1429.4825439453125,-19310648320.0,755.0,0.0,0.0,0.0,1.0,1.0
37890488.0,0.020534448325634003,10728.2763671875,0.0,18.899999618530273,0.028470493853092194,0.0,0.6606217616580311,0.0,0.0,0.0,2.451923076923077,0.7103064066852368,0.0,0.0,0.0,0.0,-1.817824158933945e-05,547.2994384765625,-1515619712.0,104.0,0.0,0.0,0.0,1.0,1.0
89447432.0,0.01782611571252346,934720.25,0.0,26.6299991607666,0.02590048685669899,0.0,0.5671260847371108,0.0,0.0,0.0,1.3532277710109621,0.5750517598343685,0.0,0.0,0.0,0.0,-5.7342358559253626e-06,1408.48095703125,-17889485824.0,821.0,0.0,0.0,0.0,1.0,1.0
99517688.0,0.017764749005436897,934720.25,0.0,25.81999969482422,0.030373847112059593,0.0,0.5771399282419272,0.0,0.0,0.0,1.3987577639751554,0.583117555670637,0.0,0.0,0.0,0.0,-5.7342358559253626e-06,1394.3828125,-19903537152.0,805.0,0.0,0.0,0.0,1.0,1.0
70806336.0,0.018565889447927475,934720.25,0.0,26.049999237060547,0.024005400016903877,0.0,0.5846628924343799,0.0,0.0,0.0,1.4526854219948848,0.5922836287799792,0.0,0.0,0.0,0.0,-5.7342358559253626e-06,1540.1925048828125,-14161267200.0,782.0,0.0,0.0,0.0,1.0,1.0
70138056.0,0.017073284834623337,934720.25,0.0,26.209999084472656,0.02550380304455757,0.0,0.5990735975295934,0.0,0.0,0.0,1.5540720961281709,0.6084683742812337,0.0,0.0,0.0,0.0,-5.7342358559253626e-06,1190.402099609375,-14027611648.0,749.0,0.0,0.0,0.0,1.0,1.0
160677584.0,0.01743171736598015,934720.25,0.0,27.68000030517578,0.02608296275138855,0.0,0.5418163160595177,0.0,0.0,0.0,1.2222222222222223,0.55,0.0,0.0,0.0,0.0,-5.7342358559253626e-06,1392.1070556640625,-32135519232.0,864.0,0.0,0.0,0.0,1.0,1.0
72218464.0,0.01956102065742016,934720.25,0.0,27.709999084472656,0.02765505388379097,0.0,0.5517593064762876,0.0,0.0,0.0,1.2789598108747045,0.5612033195020747,0.0,0.0,0.0,0.0,-5.7342358559253626e-06,1523.78369140625,-14443693568.0,846.0,0.0,0.0,0.0,1.0,1.0
85439696.0,0.018453449010849,934720.25,0.0,28.059999465942383,0.028162503615021706,0.0,0.5141242937853108,0.0,0.0,0.0,1.0951859956236323,0.5227154046997389,0.0,0.0,0.0,0.0,-5.7342358559253626e-06,1425.021728515625,-17087938560.0,914.0,0.0,0.0,0.0,1.0,1.0
67409376.0,0.01735774800181389,934720.25,0.0,28.020000457763672,0.02428347058594227,0.0,0.5632300660233621,0.0,0.0,0.0,1.3313325330132053,0.5710607621009269,0.0,0.0,0.0,0.0,-5.7342358559253626e-06,1390.7952880859375,-13481875456.0,833.0,0.0,0.0,0.0,1.0,1.0
122137576.0,0.017016127705574036,934720.25,0.0,27.790000915527344,0.02572556771337986,0.0,0.5483706720977597,0.0,0.0,0.0,1.2465277777777777,0.5548686244204019,0.0,0.0,0.0,0.0,-5.7342358559253626e-06,1678.37646484375,-24427515904.0,864.0,0.0,0.0,0.0,1.0,1.0
90439448.0,0.018667109310626984,934720.25,0.0,26.709999084472656,0.023062031716108322,0.0,0.5665650406504065,0.0,0.0,0.0,1.3433734939759037,0.5732647814910026,0.0,0.0,0.0,0.0,-5.7342358559253626e-06,1602.1717529296875,-18087888896.0,830.0,0.0,0.0,0.0,1.0,1.0
75937728.0,0.01863281801342964,934720.25,0.0,26.690000534057617,0.0216722022742033,0.0,0.5677749360613811,0.0,0.0,0.0,1.3487241798298906,0.5742369374030005,0.0,0.0,0.0,0.0,-5.7342358559253626e-06,1250.086669921875,-15187546112.0,823.0,0.0,0.0,0.0,1.0,1.0
101386824.0,0.01920943148434162,934720.25,0.0,28.469999313354492,0.02485072612762451,0.0,0.5532348446255732,0.0,0.0,0.0,1.2776470588235294,0.5609504132231405,0.0,0.0,0.0,0.0,-5.7342358559253626e-06,1320.336181640625,-20277363712.0,850.0,0.0,0.0,0.0,1.0,1.0
58065644.0,0.02013702690601349,934720.25,0.0,26.030000686645508,0.02715151570737362,0.0,0.5642601126472094,0.0,0.0,0.0,1.339003645200486,0.5724675324675325,0.0,0.0,0.0,0.0,-5.7342358559253626e-06,1653.6807861328125,-11613129216.0,823.0,0.0,0.0,0.0,1.0,1.0
78733304.0,0.01843278482556343,934720.25,0.0,27.020000457763672,0.0256717000156641,0.0,0.5868686868686869,0.0,0.0,0.0,1.4690265486725664,0.5949820788530465,0.0,0.0,0.0,0.0,-5.7342358559253626e-06,1326.080810546875,-15746660864.0,791.0,0.0,0.0,0.0,1.0,1.0
71828984.0,0.018348051235079765,934720.25,0.0,26.959999084472656,0.02579343318939209,0.0,0.5235655737704918,0.0,0.0,0.0,1.1292817679558012,0.5303580695381422,0.0,0.0,0.0,0.0,-5.7342358559253626e-06,1509.0538330078125,-14365795840.0,905.0,0.0,0.0,0.0,1.0,1.0
82636296.0,0.018710149452090263,934720.25,0.0,28.049999237060547,0.0305486973375082,0.0,0.49465104431991846,0.0,0.0,0.0,1.0041365046535677,0.5010319917440661,0.0,0.0,0.0,0.0,-5.7342358559253626e-06,1370.2822265625,-16527260672.0,967.0,0.0,0.0,0.0,1.0,1.0
87287112.0,0.018972687423229218,934720.25,0.0,27.40999984741211,0.02317570522427559,0.0,0.510025706940874,0.0,0.0,0.0,1.074756229685807,0.5180156657963446,0.0,0.0,0.0,0.0,-5.7342358559253626e-06,1337.732177734375,-17457421312.0,923.0,0.0,0.0,0.0,1.0,1.0
64110916.0,0.01909172721207142,934720.25,0.0,25.889999389648438,0.02563539706170559,0.0,0.6065989847715736,0.0,0.0,0.0,1.6061827956989247,0.6162970603403817,0.0,0.0,0.0,0.0,-5.7342358559253626e-06,1626.6082763671875,-12822182912.0,744.0,0.0,0.0,0.0,1.0,1.0
65211972.0,0.01935846172273159,934720.25,0.0,25.559999465942383,0.02229929156601429,0.0,0.5856269113149847,0.0,0.0,0.0,1.4674329501915708,0.59472049689441,0.0,0.0,0.0,0.0,-5.7342358559253626e-06,1290.039306640625,-13042394112.0,783.0,0.0,0.0,0.0,1.0,1.0
119738136.0,0.01909981109201908,934720.25,0.0,25.350000381469727,0.022346731275320053,0.0,0.5855532786885246,0.0,0.0,0.0,1.4616368286445012,0.5937662337662337,0.0,0.0,0.0,0.0,-5.7342358559253626e-06,1226.9208984375,-23947627520.0,782.0,0.0,0.0,0.0,1.0,1.0
68901496.0,0.018650703132152557,934720.25,0.0,24.8700008392334,0.02372789941728115,0.0,0.5843157355202461,0.0,0.0,0.0,1.4578005115089514,0.5931321540062435,0.0,0.0,0.0,0.0,-5.7342358559253626e-06,1387.66748046875,-13780299264.0,782.0,0.0,0.0,0.0,1.0,1.0
64367508.0,0.018315725028514862,934720.25,0.0,26.850000381469727,0.0251955334097147,0.0,0.5735444330949949,0.0,0.0,0.0,1.3915737298636928,0.5818652849740933,0.0,0.0,0.0,0.0,-5.7342358559253626e-06,1310.279052734375,-12873501696.0,807.0,0.0,0.0,0.0,1.0,1.0
70795416.0,0.017198123037815094,934720.25,0.0,26.280000686645508,0.024011045694351196,0.0,0.552833078101072,0.0,0.0,0.0,1.2801418439716312,0.5614307931570762,0.0,0.0,0.0,0.0,-5.7342358559253626e-06,1389.47998046875,-14159083008.0,846.0,0.0,0.0,0.0,1.0,1.0
90211880.0,0.017748787999153137,934720.25,0.0,28.170000076293945,0.024693742394447327,0.0,0.5312977099236641,0.0,0.0,0.0,1.1638795986622072,0.5378670788253478,0.0,0.0,0.0,0.0,-5.7342358559253626e-06,1395.471435546875,-18042376192.0,897.0,0.0,0.0,0.0,1.0,1.0
69398000.0,0.01797192543745041,934720.25,0.0,27.1299991607666,0.025231409817934036,0.0,0.529682702149437,0.0,0.0,0.0,1.1538461538461537,0.5357142857142857,0.0,0.0,0.0,0.0,-5.7342358559253626e-06,1614.4940185546875,-13879600128.0,897.0,0.0,0.0,0.0,1.0,1.0
67918648.0,0.018380945548415184,934720.25,0.0,26.170000076293945,0.025559252128005028,0.0,0.5662772981208736,0.0,0.0,0.0,1.3614163614163615,0.5765253360910031,0.0,0.0,0.0,0.0,-5.7342358559253626e-06,1265.4764404296875,-13583729152.0,819.0,0.0,0.0,0.0,1.0,1.0
127600896.0,0.018808800727128983,934720.25,0.0,27.1200008392334,0.02423832193017006,0.0,0.5794013191273465,0.0,0.0,0.0,1.4275,0.588053553038105,0.0,0.0,0.0,0.0,-5.7342358559253626e-06,1690.688720703125,-25520179200.0,800.0,0.0,0.0,0.0,1.0,1.0
81129992.0,0.01918596588075161,934720.25,0.0,26.8700008392334,0.02769498899579048,0.0,0.5446106240330068,0.0,0.0,0.0,1.2379835873388043,0.5531691985332635,0.0,0.0,0.0,0.0,-5.7342358559253626e-06,1543.000244140625,-16225998336.0,853.0,0.0,0.0,0.0,1.0,1.0
81589912.0,0.018570000305771828,934720.25,0.0,26.350000381469727,0.02245025709271431,0.0,0.5793814432989691,0.0,0.0,0.0,1.4227848101265823,0.587251828631139,0.0,0.0,0.0,0.0,-5.7342358559253626e-06,1485.38134765625,-16317982208.0,790.0,0.0,0.0,0.0,1.0,1.0
83221912.0,0.01719210110604763,934720.25,0.0,25.899999618530273,0.028603482991456985,0.0,0.5830334190231362,0.0,0.0,0.0,1.4390862944162437,0.5900104058272633,0.0,0.0,0.0,0.0,-5.7342358559253626e-06,1149.3758544921875,-16644381696.0,788.0,0.0,0.0,0.0,1.0,1.0
61948380.0,0.01823890395462513,934720.25,0.0,26.520000457763672,0.022013630717992783,0.0,0.5923076923076923,0.0,0.0,0.0,1.519736842105263,0.6031331592689295,0.0,0.0,0.0,0.0,-5.7342358559253626e-06,1928.39208984375,-12389675520.0,760.0,0.0,0.0,0.0,1.0,1.0
57579832.0,0.01848544366657734,934720.25,0.0,27.350000381469727,0.02873588725924492,0.0,0.5385007649158593,0.0,0.0,0.0,1.1972789115646258,0.544891640866873,0.0,0.0,0.0,0.0,-5.7342358559253626e-06,1496.2783203125,-11515966976.0,882.0,0.0,0.0,0.0,1.0,1.0
83731944.0,0.01788981445133686,934720.25,0.0,27.260000228881836,0.022352509200572968,0.0,0.5168195718654435,0.0,0.0,0.0,1.1057797164667393,0.525116519937856,0.0,0.0,0.0,0.0,-5.7342358559253626e-06,1382.1346435546875,-16746389504.0,917.0,0.0,0.0,0.0,1.0,1.0
72678360.0,0.01776161603629589,934720.25,0.0,24.56999969482422,0.02642381563782692,0.0,0.5888090349075975,0.0,0.0,0.0,1.474293059125964,0.5958441558441558,0.0,0.0,0.0,0.0,-5.7342358559253626e-06,1584.97705078125,-14535671808.0,778.0,0.0,0.0,0.0,1.0,1.0
97836568.0,0.016865486279129982,934720.25,0.0,28.6200008392334,0.024295907467603683,0.0,0.5422357106727365,0.0,0.0,0.0,1.2307692307692308,0.5517241379310345,0.0,0.0,0.0,0.0,-5.7342358559253626e-06,1266.218994140625,-19567313920.0,871.0,0.0,0.0,0.0,1.0,1.0
101245232.0,0.018777020275592804,934720.25,0.0,27.1200008392334,0.026431888341903687,0.0,0.5766497461928934,0.0,0.0,0.0,1.42,0.5867768595041323,0.0,0.0,0.0,0.0,-5.7342358559253626e-06,1216.7757568359375,-20249047040.0,800.0,0.0,0.0,0.0,1.0,1.0
63210996.0,0.017385266721248627,934720.25,0.0,26.459999084472656,0.024356434121727943,0.0,0.6098427194317605,0.0,0.0,0.0,1.6199460916442048,0.6183127572016461,0.0,0.0,0.0,0.0,-5.7342358559253626e-06,1456.76220703125,-12642199040.0,742.0,0.0,0.0,0.0,1.0,1.0
55883204.0,0.01859031245112419,934720.25,0.0,24.399999618530273,0.026100382208824158,0.0,0.5958974358974359,0.0,0.0,0.0,1.530961791831357,0.6048932847475273,0.0,0.0,0.0,0.0,-5.7342358559253626e-06,1609.164794921875,-11176640000.0,759.0,0.0,0.0,0.0,1.0,1.0
75907632.0,0.01850767806172371,934720.25,0.0,24.450000762939453,0.02341388538479805,0.0,0.6041237113402061,0.0,0.0,0.0,1.575268817204301,0.6116910229645094,0.0,0.0,0.0,0.0,-5.7342358559253626e-06,1367.726806640625,-15181527040.0,744.0,0.0,0.0,0.0,1.0,1.0
60118364.0,0.018821172416210175,934720.25,0.0,26.049999237060547,0.025157302618026733,0.0,0.5596938775510204,0.0,0.0,0.0,1.305952380952381,0.5663397005678885,0.0,0.0,0.0,0.0,-5.7342358559253626e-06,1359.8028564453125,-12023672320.0,840.0,0.0,0.0,0.0,1.0,1.0
75235536.0,0.018549202010035515,934720.25,0.0,25.170000076293945,0.02535223588347435,0.0,0.6037735849056604,0.0,0.0,0.0,1.5723771580345285,0.6112545172947857,0.0,0.0,0.0,0.0,-5.7342358559253626e-06,1972.5113525390625,-15047106560.0,753.0,0.0,0.0,0.0,1.0,1.0
66515640.0,0.017809320241212845,934720.25,0.0,26.350000381469727,0.030490722507238388,0.0,0.5600203458799593,0.0,0.0,0.0,1.301418439716312,0.5654853620955316,0.0,0.0,0.0,0.0,-5.7342358559253626e-06,1235.411865234375,-13303128064.0,846.0,0.0,0.0,0.0,1.0,1.0
67091248.0,0.01767645590007305,934720.25,0.0,26.969999313354492,0.02741887792944908,0.0,0.5704800817160368,0.0,0.0,0.0,1.3655256723716382,0.5772609819121447,0.0,0.0,0.0,0.0,-5.7342358559253626e-06,1518.6746826171875,-13418249728.0,818.0,0.0,0.0,0.0,1.0,1.0
91762480.0,0.017420148476958275,934720.25,0.0,25.969999313354492,0.024723894894123077,0.0,0.5729591836734694,0.0,0.0,0.0,1.3830049261083743,0.5803617571059432,0.0,0.0,0.0,0.0,-5.7342358559253626e-06,1243.1790771484375,-18352495616.0,812.0,0.0,0.0,0.0,1.0,1.0
78331024.0,0.01889730803668499,934720.25,0.0,26.709999084472656,0.03581962734460831,0.0,0.5365482233502538,0.0,0.0,0.0,1.188976377952756,0.5431654676258992,0.0,0.0,0.0,0.0,-5.7342358559253626e-06,1315.320556640625,-15666205184.0,889.0,0.0,0.0,0.0,1.0,1.0
103074680.0,0.01838516630232334,934720.25,0.0,27.209999084472656,0.024833425879478455,0.0,0.5557251908396946,0.0,0.0,0.0,1.2862190812720848,0.5625965996908809,0.0,0.0,0.0,0.0,-5.7342358559253626e-06,1208.25146484375,-20614937600.0,849.0,0.0,0.0,0.0,1.0,1.0
86428088.0,0.01871306449174881,934720.25,0.0,27.6200008392334,0.023583900183439255,0.0,0.51672671127123,0.0,0.0,0.0,1.1045104510451045,0.5248301097752222,0.0,0.0,0.0,0.0,-5.7342358559253626e-06,1243.840576171875,-17285618688.0,909.0,0.0,0.0,0.0,1.0,1.0
74561440.0,0.017914103344082832,934720.25,0.0,27.110000610351562,0.02616165205836296,0.0,0.5405819295558959,0.0,0.0,0.0,1.2242774566473988,0.5504158004158004,0.0,0.0,0.0,0.0,-5.7342358559253626e-06,1335.5162353515625,-14912288768.0,865.0,0.0,0.0,0.0,1.0,1.0
108469096.0,0.017887912690639496,934720.25,0.0,26.709999084472656,0.022350255399942398,0.0,0.5513347022587269,0.0,0.0,0.0,1.2800953516090583,0.5614218504966022,0.0,0.0,0.0,0.0,-5.7342358559253626e-06,1331.9783935546875,-21693818880.0,839.0,0.0,0.0,0.0,1.0,1.0
95778824.0,0.018824925646185875,934720.25,0.0,27.3799991607666,0.029988974332809448,0.0,0.5644016227180527,0.0,0.0,0.0,1.3458282950423217,0.5737113402061855,0.0,0.0,0.0,0.0,-5.7342358559253626e-06,1270.0302734375,-19155765248.0,827.0,0.0,0.0,0.0,1.0,1.0
62515708.0,0.019943593069911003,934720.25,0.0,24.049999237060547,0.025695066899061203,0.0,0.5983479607640682,0.0,0.0,0.0,1.5412234042553192,0.6064887493458923,0.0,0.0,0.0,0.0,-5.7342358559253626e-06,1454.128662109375,-12503140864.0,752.0,0.0,0.0,0.0,1.0,1.0
37404796.0,0.018612034618854523,934720.25,0.0,24.950000762939453,0.031683385372161865,0.0,0.5555555555555556,0.0,0.0,0.0,1.5384615384615385,0.6060606060606061,0.0,0.0,0.0,0.0,-5.7342358559253626e-06,362.8816223144531,-1496191936.0,143.0,0.0,0.0,0.0,1.0,1.0
92494216.0,0.016872351989150047,321421.40625,0.0,24.530000686645508,0.023046672344207764,0.0,0.6024340770791075,0.0,0.0,0.0,1.5735099337748344,0.611425630468348,0.0,0.0,0.0,0.0,-2.8070311600458808e-05,1286.52783203125,-18498841600.0,755.0,0.0,0.0,0.0,1.0,1.0
113210856.0,0.01782705821096897,321421.40625,0.0,28.719999313354492,0.026841428130865097,0.0,0.5035389282103134,0.0,0.0,0.0,1.0353430353430353,0.508682328907048,0.0,0.0,0.0,0.0,-2.8070311600458808e-05,1262.5784912109375,-22642171904.0,962.0,0.0,0.0,0.0,1.0,1.0
127249624.0,0.01623932644724846,321421.40625,0.0,27.56999969482422,0.023594537749886513,0.0,0.5517415446744068,0.0,0.0,0.0,1.2738927738927739,0.5602255253716043,0.0,0.0,0.0,0.0,-2.8070311600458808e-05,1380.901611328125,-25449927680.0,858.0,0.0,0.0,0.0,1.0,1.0
101988352.0,0.016746411100029945,321421.40625,0.0,25.68000030517578,0.02539624273777008,0.0,0.5695364238410596,0.0,0.0,0.0,1.3717791411042946,0.578375581996896,0.0,0.0,0.0,0.0,-2.8070311600458808e-05,1323.9234619140625,-20397670400.0,815.0,0.0,0.0,0.0,1.0,1.0
105562480.0,0.017387809231877327,321421.40625,0.0,26.959999084472656,0.023287158459424973,0.0,0.562246963562753,0.0,0.0,0.0,1.3210463733650417,0.5691598360655737,0.0,0.0,0.0,0.0,-2.8070311600458808e-05,1453.8663330078125,-21112496128.0,841.0,0.0,0.0,0.0,1.0,1.0
101823512.0,0.016733214259147644,321421.40625,0.0,28.579999923706055,0.02347457781434059,0.0,0.5002526528549772,0.0,0.0,0.0,1.0259067357512954,0.5063938618925832,0.0,0.0,0.0,0.0,-2.8070311600458808e-05,1476.0150146484375,-20364702720.0,965.0,0.0,0.0,0.0,1.0,1.0
115715488.0,0.017008638009428978,321421.40625,0.0,25.40999984741211,0.029956530779600143,0.0,0.5641155600608211,0.0,0.0,0.0,1.3297491039426523,0.5707692307692308,0.0,0.0,0.0,0.0,-2.8070311600458808e-05,1152.5447998046875,-23143098368.0,837.0,0.0,0.0,0.0,1.0,1.0
94497168.0,0.017800699919462204,321421.40625,0.0,27.459999084472656,0.02632654644548893,0.0,0.5350832912670368,0.0,0.0,0.0,1.1936936936936937,0.5441478439425051,0.0,0.0,0.0,0.0,-2.8070311600458808e-05,1399.52099609375,-18899432448.0,888.0,0.0,0.0,0.0,1.0,1.0
88463000.0,0.016747500747442245,321421.40625,0.0,26.649999618530273,0.024550117552280426,0.0,0.5519513431322859,0.0,0.0,0.0,1.284198113207547,0.5622096024780588,0.0,0.0,0.0,0.0,-2.8070311600458808e-05,1270.573486328125,-17692600320.0,848.0,0.0,0.0,0.0,1.0,1.0
104990088.0,0.01759149879217148,321421.40625,0.0,27.059999465942383,0.02255554124712944,0.0,0.5502028397565923,0.0,0.0,0.0,1.2630966239813737,0.5581275720164609,0.0,0.0,0.0,0.0,-2.8070311600458808e-05,1111.843994140625,-20998017024.0,859.0,0.0,0.0,0.0,1.0,1.0
91557384.0,0.01704227551817894,321421.40625,0.0,26.389999389648438,0.0235135518014431,0.0,0.5249873801110551,0.0,0.0,0.0,1.1428571428571428,0.5333333333333333,0.0,0.0,0.0,0.0,-2.8070311600458808e-05,1269.97265625,-18311477248.0,910.0,0.0,0.0,0.0,1.0,1.0
84980984.0,0.01687087118625641,321421.40625,0.0,25.639999389648438,0.02323007956147194,0.0,0.5239551478083588,0.0,0.0,0.0,1.139689578713969,0.5326424870466321,0.0,0.0,0.0,0.0,-2.8070311600458808e-05,1153.8797607421875,-16996196864.0,902.0,0.0,0.0,0.0,1.0,1.0
85277840.0,0.016643404960632324,321421.40625,0.0,28.059999465942383,0.022960873320698738,0.0,0.5005091649694501,0.0,0.0,0.0,1.0282426778242677,0.5069623517276947,0.0,0.0,0.0,0.0,-2.8070311600458808e-05,1137.9761962890625,-17055567360.0,956.0,0.0,0.0,0.0,1.0,1.0
82335688.0,0.01725725829601288,321421.40625,0.0,25.920000076293945,0.0244703721255064,0.0,0.5365482233502538,0.0,0.0,0.0,1.193002257336343,0.5440041173443129,0.0,0.0,0.0,0.0,-2.8070311600458808e-05,1434.8099365234375,-16467137536.0,886.0,0.0,0.0,0.0,1.0,1.0
76858008.0,0.017377812415361404,321421.40625,0.0,27.399999618530273,0.02633131481707096,0.0,0.5590909090909091,0.0,0.0,0.0,1.303886925795053,0.5659509202453987,0.0,0.0,0.0,0.0,-2.8070311600458808e-05,1309.763671875,-15371600384.0,849.0,0.0,0.0,0.0,1.0,1.0
124463336.0,0.016271578148007393,321421.40625,0.0,29.239999771118164,0.026917746290564537,0.0,0.5191339375629406,0.0,0.0,0.0,1.1086021505376344,0.5257521672616012,0.0,0.0,0.0,0.0,-2.8070311600458808e-05,1685.38232421875,-24892667904.0,930.0,0.0,0.0,0.0,1.0,1.0
93104272.0,0.01590522937476635,321421.40625,0.0,24.809999465942383,0.024435406550765038,0.0,0.6078629032258065,0.0,0.0,0.0,1.6209677419354838,0.6184615384615385,0.0,0.0,0.0,0.0,-2.8070311600458808e-05,1458.9569091796875,-18620854272.0,744.0,0.0,0.0,0.0,1.0,1.0
98103040.0,0.016798945143818855,321421.40625,0.0,28.0,0.02150120586156845,0.0,0.5227502527805864,0.0,0.0,0.0,1.121475054229935,0.5286298568507157,0.0,0.0,0.0,0.0,-2.8070311600458808e-05,1134.2984619140625,-19620608000.0,922.0,0.0,0.0,0.0,1.0,1.0
90610424.0,0.017749156802892685,321421.40625,0.0,26.049999237060547,0.023020528256893158,0.0,0.554531490015361,0.0,0.0,0.0,1.2741176470588236,0.5602690118986032,0.0,0.0,0.0,0.0,-2.8070311600458808e-05,1206.7120361328125,-18122083328.0,850.0,0.0,0.0,0.0,1.0,1.0
124660704.0,0.017151663079857826,321421.40625,0.0,27.40999984741211,0.027344603091478348,0.0,0.5501519756838906,0.0,0.0,0.0,1.2584009269988412,0.5572088250384812,0.0,0.0,0.0,0.0,-2.8070311600458808e-05,1130.3291015625,-24932142080.0,863.0,0.0,0.0,0.0,1.0,1.0
75330728.0,0.016963033005595207,321421.40625,0.0,27.06999969482422,0.02867373824119568,0.0,0.5262361251261353,0.0,0.0,0.0,1.1398907103825138,0.5326864147088867,0.0,0.0,0.0,0.0,-2.8070311600458808e-05,1374.57421875,-15066146304.0,915.0,0.0,0.0,0.0,1.0,1.0
81463376.0,0.017176486551761627,321421.40625,0.0,27.690000534057617,0.0309334397315979,0.0,0.5579160343955488,0.0,0.0,0.0,1.3022432113341205,0.5656410256410257,0.0,0.0,0.0,0.0,-2.8070311600458808e-05,1454.8270263671875,-16292676096.0,847.0,0.0,0.0,0.0,1.0,1.0
76460448.0,0.01668468676507473,321421.40625,0.0,26.950000762939453,0.026387548074126244,0.0,0.5534813319878911,0.0,0.0,0.0,1.2785547785547786,0.5611253196930946,0.0,0.0,0.0,0.0,-2.8070311600458808e-05,1126.8419189453125,-15292089856.0,858.0,0.0,0.0,0.0,1.0,1.0
106088080.0,0.01691228337585926,321421.40625,0.0,27.040000915527344,0.023299291729927063,0.0,0.555050505050505,0.0,0.0,0.0,1.2853801169590644,0.5624360286591606,0.0,0.0,0.0,0.0,-2.8070311600458808e-05,1288.001220703125,-21217614848.0,855.0,0.0,0.0,0.0,1.0,1.0
124775216.0,0.01652161404490471,321421.40625,0.0,28.020000457763672,0.02489112690091133,0.0,0.5392802838317283,0.0,0.0,0.0,1.2132269099201825,0.5481710458526533,0.0,0.0,0.0,0.0,-2.8070311600458808e-05,1192.154296875,-24955043840.0,877.0,0.0,0.0,0.0,1.0,1.0
111917432.0,0.016922205686569214,321421.40625,0.0,27.989999771118164,0.02810075506567955,0.0,0.49593908629441624,0.0,0.0,0.0,1.0113871635610765,0.5028306742151313,0.0,0.0,0.0,0.0,-2.8070311600458808e-05,1412.6737060546875,-22383486976.0,966.0,0.0,0.0,0.0,1.0,1.0
113075208.0,0.018014216795563698,321421.40625,0.0,27.079999923706055,0.02557717263698578,0.0,0.5260759493670886,0.0,0.0,0.0,1.1480662983425414,0.5344650205761317,0.0,0.0,0.0,0.0,-2.8070311600458808e-05,1058.35107421875,-22615043072.0,905.0,0.0,0.0,0.0,1.0,1.0
162638496.0,0.015548738650977612,321421.40625,0.0,27.559999465942383,0.02245315909385681,0.0,0.5548811330298432,0.0,0.0,0.0,1.2905882352941176,0.5634309193631227,0.0,0.0,0.0,0.0,-2.8070311600458808e-05,1439.8389892578125,-32527698944.0,850.0,0.0,0.0,0.0,1.0,1.0
111787152.0,0.01753832958638668,321421.40625,0.0,29.8700008392334,0.03055325523018837,0.0,0.4989929506545821,0.0,0.0,0.0,1.0237603305785123,0.5058703420112303,0.0,0.0,0.0,0.0,-2.8070311600458808e-05,1309.5023193359375,-22357429248.0,968.0,0.0,0.0,0.0,1.0,1.0
66296792.0,0.018500156700611115,321421.40625,0.0,26.540000915527344,0.024226592853665352,0.0,0.5579746835443038,0.0,0.0,0.0,1.2995283018867925,0.5651282051282052,0.0,0.0,0.0,0.0,-2.8070311600458808e-05,1519.462646484375,-13259358208.0,848.0,0.0,0.0,0.0,1.0,1.0
102418224.0,0.01787852868437767,321421.40625,0.0,29.760000228881836,0.028555890545248985,0.0,0.4939637826961771,0.0,0.0,0.0,1.0176165803108808,0.5043656908063687,0.0,0.0,0.0,0.0,-2.8070311600458808e-05,1437.53369140625,-20483645440.0,965.0,0.0,0.0,0.0,1.0,1.0
98020816.0,0.017819074913859367,321421.40625,0.0,29.219999313354492,0.028195638209581375,0.0,0.5111448834853091,0.0,0.0,0.0,1.0814576634512325,0.51956745623069,0.0,0.0,0.0,0.0,-2.8070311600458808e-05,1608.463623046875,-19604162560.0,933.0,0.0,0.0,0.0,1.0,1.0
109715824.0,0.017415445297956467,321421.40625,0.0,26.209999084472656,0.026908501982688904,0.0,0.5481406011207336,0.0,0.0,0.0,1.2526193247962747,0.5560723514211886,0.0,0.0,0.0,0.0,-2.8070311600458808e-05,1577.708740234375,-21943164928.0,859.0,0.0,0.0,0.0,1.0,1.0
90673040.0,0.017126254737377167,321421.40625,0.0,26.899999618530273,0.028955191373825073,0.0,0.602112676056338,0.0,0.0,0.0,1.579155672823219,0.6122762148337596,0.0,0.0,0.0,0.0,-2.8070311600458808e-05,1543.1690673828125,-18134607872.0,758.0,0.0,0.0,0.0,1.0,1.0
120960328.0,0.017091117799282074,321421.40625,0.0,26.299999237060547,0.028508320450782776,0.0,0.5601409159536991,0.0,0.0,0.0,1.3094117647058823,0.5669893020886398,0.0,0.0,0.0,0.0,-2.8070311600458808e-05,1399.83544921875,-24192065536.0,850.0,0.0,0.0,0.0,1.0,1.0
80355560.0,0.01612231880426407,321421.40625,0.0,28.43000030517578,0.026276011019945145,0.0,0.5456379223398891,0.0,0.0,0.0,1.2494226327944573,0.555441478439425,0.0,0.0,0.0,0.0,-2.8070311600458808e-05,1351.8973388671875,-16071110656.0,866.0,0.0,0.0,0.0,1.0,1.0
91756424.0,0.017200497910380363,321421.40625,0.0,28.3799991607666,0.028476610779762268,0.0,0.516210739614995,0.0,0.0,0.0,1.0945220193340495,0.5225641025641026,0.0,0.0,0.0,0.0,-2.8070311600458808e-05,1256.4251708984375,-18351284224.0,931.0,0.0,0.0,0.0,1.0,1.0
110344240.0,0.01639285497367382,321421.40625,0.0,27.40999984741211,0.025983449071645737,0.0,0.5421930267812026,0.0,0.0,0.0,1.2290950744558993,0.5513874614594039,0.0,0.0,0.0,0.0,-2.8070311600458808e-05,1532.348388671875,-22068850688.0,873.0,0.0,0.0,0.0,1.0,1.0
94933152.0,0.015961984172463417,321421.40625,0.0,26.93000030517578,0.02391793206334114,0.0,0.5651736285858078,0.0,0.0,0.0,1.3449101796407186,0.5735444330949949,0.0,0.0,0.0,0.0,-2.8070311600458808e-05,1279.646484375,-18986631168.0,835.0,0.0,0.0,0.0,1.0,1.0
90240800.0,0.016836050897836685,321421.40625,0.0,25.479999542236328,0.02536017820239067,0.0,0.5516539440203563,0.0,0.0,0.0,1.2737955346651,0.5602067183462532,0.0,0.0,0.0,0.0,-2.8070311600458808e-05,1199.2705078125,-18048159744.0,851.0,0.0,0.0,0.0,1.0,1.0
121203160.0,0.017903445288538933,321421.40625,0.0,28.5,0.023235289379954338,0.0,0.527033855482567,0.0,0.0,0.0,1.143640350877193,0.5335038363171356,0.0,0.0,0.0,0.0,-2.8070311600458808e-05,1427.505126953125,-24240630784.0,912.0,0.0,0.0,0.0,1.0,1.0
84022752.0,0.01696631871163845,321421.40625,0.0,27.84000015258789,0.02338939905166626,0.0,0.5588086824835942,0.0,0.0,0.0,1.310059171597633,0.5671106557377049,0.0,0.0,0.0,0.0,-2.8070311600458808e-05,1128.4327392578125,-16804550144.0,845.0,0.0,0.0,0.0,1.0,1.0
